word,count的,8019我,5066你,4454在,2140了,1505是,1125不,814說,776有,763讓,714都,702也,696我們,491著,484就,464什麼,429自己,416來,401想,392誰,390看,370和,348沒,346要,335他,333一個,331被,330對,318為,299像,299啦,285卻,285世界,284後,251而,242又,241人,238去,237這,233夢,230再,227走,224不要,222知道,218上,204聽,204喔,202多,202得,197離開,197那,192會,189到,187時間,186好,183它,183時候,181所有,178不會,176只是,176因為,174從,168心,161中,156手,156愛,156把,155不是,154只,147寂寞,146這樣,145該,145她,142生活,138還有,138於,138怎麼,136曾,135與,135地,127很,124沒有,123還是,123就算,121見,115臉,115帶,113唱,113才,113生命,111如果,111就是,110不出,110下,109長,108嗎,108今天,108話,108一點,108已,107需要,106如何,106跟,105最,105相信,104溫柔,103太,102失去,101找,100天空,98那麼,98一起,98這裡,96一,95等,95真的,94間,93不能,93躲,93可能,92城市,92無,90是否,89一片,88喜歡,87起,86更,85寫,85一切,85但,85快樂,84一天,84做,83能,83變成,83一些,82每,82飛,81出,81多少,80眼淚,79發現,78個,77用,77瘋狂,77其實,76不見,76陪,76告訴,76回家,75曾經,75身邊,75懂,73沈默,73整個,73改變,72若,72啊,72一樣,71吧,71眼睛,71美麗,70可以,70全都,69想要,69靜靜,69自由,68笑,68擁抱,68一瞬,67是不是,67越,66太多,66忘,66一直,66一種,65雨,65美好,64不想,64猜,64開始,64或,63黃,63呀,63這麼,63沈,62別,62睡,62一秒,62語言,61房間,61請,61快,60就要,60早已,60害怕,60愛我,60希望,59幻想,59愛情,59不了,59遠,58月,58只有,57明天,57思念,57走過,57原因,57擁有,57表情,56覺得,56一次,55總,55以,55比,55怕,55不再,55這個,54繼續,54髮,54懶,54所以,54追,53昨天,53宇宙,53路,53慢慢,52無法,52隻,52一首歌,51記憶,51可是,51翅膀,50好想你,50鬆,50人生,50真心,49回憶,49渴望,49前,49哪,49還在,49呢,48心裡,48感覺,48心中,48也許,47可,47哎,47得到,47故事,47盡,46慾,46靠近,46像是,46開,46他們,46之間,46悲傷,45有人,45愛著,45簡單,45牽,45小,45澱,45如此,45未來,45情緒,45夜,45日子,44住,44難,44賣,44不管,44愛的,44望,44一步,43明白,43不願,43眼神,43夜晚,43下午,43冬天,43花,42之前,42哪裡,42我要,42享受,42盡頭,42蔓延,42影子,42街,41勇敢,41消失,41那些,41瞭解,41看見,41結果,41黑暗,41或許,41值得,41那個,40微笑,40等待,40一口,40蝴蝶,40留給,40模樣,40放,40機會,39咖啡,39危險,39過去,39煩惱,39愛人,39每天,39決定,39掉,38蓋,38吹,38用力,38雙手,38歌唱,38存在,38孤獨,38天,37雨水,37夏天,37停下,37才能,37一句,37大,37太陽,37亂,37欣賞,37新,37身體,37昏,36想像,36放棄,36記得,36輕,36躺,36停,36沒人能,36一般,36成,36天使,35離,35真實,35再也,35回到,35一座,35隨著,35我會,35時,35海洋,35不應,35黑夜,35換來,35完美,35空間,35逃,35已經,35恨,35全世界,34不如,34聲音,34唯一,34吃,34脆弱,34忽,34想起,34你給,34裡面,34距離,34壞,34月亮,34許多,34畫面,34不到,34想一想,34往前,34剩,33看到,33一場,33窗,33忙,33痛快,33孤單,33清晨,33代替,33現在,33醒,32爸爸,32字,32直到,32未知,32孤寂,32暫時,32忽然,32勉強,32應該,32漂浮,32豔,32彩虹,32死,32這是,32最美,31無聊,31女孩,31空氣,31天地,31確定,31保留,31永恆,31抱,31控制,31場合,31孩子,31髒,31年,31只能,31捨,31親手將,30可不可以,30告別,30哭泣,30光芒,30眼前,30往,30滿,30瞬間,30角落,30幸福,30必須,30賴著,30流浪,30歇斯底里,30玫瑰,30手中,30輪廓,30痕跡,30每個,30迷失,30這些,29自,29徹底,29身上,29逝去,29能夠,29旅行,29心情,29擺,29努力,29不安,29一顆,29面對,29獨處,29交錯,28天堂,28願,28站,28一定,28天真,28靈魂,28飆飆,28別人,28另,28準備,28留下,28還,28坐在,28哭,28愛上,28如,28燈,28無所謂,28短短,28感受,28葬送,28片刻,28只要,28習慣,27回來,27完,27圖式,27陌生,27背叛,27清醒,27重要,27不曾,27大雨,27煙,27般的,27有陽光,27淺,27青春,27喝,27遲到,27不停,27柏拉,27如今,27音樂,27相,26冷漠,26家,26一杯,26日,26想念,26腳步,26藍天,26濕,26事情,26停止,26永遠,26魔鬼,26放下,26雲,26倔強,26逃避,26開始後悔,26弄,26祂,26地圖,26飛翔,26反覆,26們,26容易,26一首,26深深,25左右,25無聲,25昨日,25原諒,25狂,25藏,25失眠,25雖然,25大家,25思緒,25等到,25三點,25夢裡,25大聲,25遊戲,25人群,25漂流,25島嶼,25城堡,25陽光,25答答,25面前,25一陣,25那天,24沈醉,24秘密,24星星,24飛過,24充滿,24阮,24等等,24有些,24沒人,24突然,24擱淺,24錯,24擦肩,24ㄟ,24跳舞,24午夜,24分享,24夜裡,24跑,24降落,24衣櫃,24風,24地方,24越來,24制約,24呀呀,24氣,24追求,24買,24跳,23歌,23敵,23落葉,23藍色,23隱藏,23大海,23漩,23蕩,23人間,23嚥,23地上,23表演,23不怕,23太聰明,23祈禱,23節奏,23總是,23看過,23安靜,23迴,23甜美,23到底,23沒什麼,23清楚,23期待,23從來,23懲罰,23行李,23勇氣,22靠,22花朵,22眼,22飛行,22笑容,22遙遠,22尋找,22疲倦,22森林,22殘破,22秋天,22飄,22死去,22黑,22歌曲,22嘗,22活,22當作,22以前,22練習,22竟然,22沒錯,22遺憾,22玩,22理由,22一面,22沈重,21天上,21答,21除了,21地點,21咿呀,21拒絕,21進,21選擇,21化成,21懷裡,21今夜,21走高,21滋味,21風景,21彿,21起來,21揮,21堅持,21微風,21好像,21徬,21穿,21情節,21趕,21走出,21歲,20變,20夢境,20渦,20想到,20甜蜜,20冷,20最初,20浪花,20散落,20拍,20英雄,20視線,20花園,20實現,20而過,20適合,20不斷,20留,20力量,20不同,20相同,20不及,20嘿嘿,20短暫,20時光,20道理,20媽媽,20特別,20下來,20事,20景色,20遼闊,19一滴,19上帝,19出現,19回去,19困住,19之,19樹,19心要,19水,19霍,19一件,19不過,19安全,19傻,19戴,19只好,19撲,19擔心,19匆匆,19出口,19看穿,19呼吸,19吞,19海面,19分心,19重,19窗外,19漂亮,19逐漸,19一身,19回頭,19某,19成為,19熟悉,19失落,19寶貝,19隨,19緊閉,19傷口,19話題,19墜落,19玫瑰花,19落,19奔跑,19鬧,18一朵,18右手,18年代,18顫,18小鬼,18馬,18哎呀,18老,18朋友,18閃,18沾,18牽著,18崇拜,18消息,18小心,18錯過,18吵,18再給,18冒險,18不知,18懷抱,18氣味,18有點,18沖,18窗口,18流水,18熱情,18旋律,18白鴿,18還愛我,18許是,18從容,18方向,18不可,18痛苦,18不得,18淚,18彼此,18欺騙,18玩具,18瘋掉,18閉上,18遮掩,18無私,18埋葬,18失控,17休息,17靜止,17專輯,17闖,17在乎,17起點,17遇見,17恐懼,17握住,17絕望,17念頭,17給,17過,17甚至,17口袋,17溫暖,17白,17意義也,17裡的,17一年,17左手,17提醒,17看看,17碗,17看透,17撐,17打,17我願,17復,17兩個,17單純,17我還,17最愛的,17春天,17透明,17踩,17內心,17牽手,17愛你,17持續,17狂熱,17命運,17照片,17小孩,17抓,17高,17約,17懂得,17心事,17下去,17紀念,17無情,17狂奔,17樣子,17放肆,17哀,17時刻,17願意,17一道,17潮汐,17線,17地平線,17咱,17寄,17問,16混亂,16同樣,16芬芳,16無處,16動,16廉價,16飄散,16散,16大地,16未,16白天,16所謂,16瞳孔,16晚上,16那種,16穿越,16陳,16海岸,16之中,16鐘,16爬,16細節,16送,16肩膀,16盛開,16墜,16一夜,16弄污,16忍不住,16太過,16手掌,16電視,16此刻,16狂戀,16例外,16不算,16星辰,16不敢,16胸膛,16整理,16那裡,16焉,16河流,16錢,16玻璃窗,16不下,16謝謝,16謊言,16枯萎,16管,16流去,16不好,16街道,16收,16保護,16捕捉,16走向,16飛鳥,16一條,15託,15自我,15變化,15新鮮,15眷戀,15過來,15緊緊,15怎樣,15要求,15嘴,15厭倦,15過眼,15沙子,15夢想,15街上,15停留,15熱鬧,15止境,15那樣,15忘記,15並肩,15一圈,15成功,15受不了,15月光,15抽屜,15道,15現,15蒐集,15憂鬱,15柔,15可惜,15往日,15回,15把握,15複,15落下,15月球,15未了,15討人厭,15克服,15倫比,15經過,15人們,15有力,14一根,14一棵,14座,14漫步,14這忙,14成長,14倥,14旋轉,14微微,14雪,14禍,14有夜,14同時,14侗,14曠野,14嚐,14一支,14愛讓,14天天,14叫,14剩下,14一粒,14捧,14咖啡店,14試著,14一盒,14一千年,14驕傲,14我會永遠,14侵略,14棲身,14多加,14真理,14虛偽,14十二月,14海水,14安安,14肯定,14拍照,14鐘的,14躲避,14荒原,14巴黎,14空中,14出去,14一張,14但是,14呼喊,14眼眸,14放聲,14真正,14回答,14毫不,14依賴,14台上,14穿梭,14作,14眼裡,14否定,14笑語,14天色,14組成,14半圈,14分別,14凌晨,14外衣,14原來,14懷疑,14藍,14地什麼,14捧起,14羨慕,14儘,14哪個,14理性,14扯,14心上,14一路,14嘴唇,14增添,14流動,14美,14使,14受,14親口,14沙,14不住,14種,14悄悄,14味道,14漸漸,13深水,13冰冷,13李欣芸,13惡,13眉間,13為何,13嫁,13離別,13錯誤,13快活,13摘下,13迷路,13最好,13並非,13輕輕,13深夜,13至少,13殘缺,13背影,13汗水,13我別,13海浪,13行動,13抓住,13愛呀,13流淚,13雙眼,13咬,13行人,13還沒有,13─,13嘛,13牠,13歌名,13開手,13感動,13不去,13回應,13多麼,13鳥,13短,13犯錯,13季節,13車門,13挑戰,13分不清,13傷害,13滄桑,13唱著,12漫漫,12舞台,12當,12麼,12瘋,12我心,12這場,12這座,12魚在,12警告,12日光,12哀艷,12我問,12腳,12掩飾,12眼底,12聰明,12經眼裡,12執著,12倒退,12本裡,12肩,12還愛我用,12毛衣,12眼光,12不露,12從頭,12琴聲,12還要,12擁,12白晝,12名字,12宿命,12胡蝶,12聆,12只屬,12解釋,12自由自在,12之上,12一封信,12暖,12意義你,12什麼款,12佔,12採取,12荒唐,12擠,12有時,12辦,12天熱,12蘋果,12午,12相視,12不許,12耳朵,12幻覺,12誘惑,12無人,12有過,12留念,12問題,12受傷,12攤開,12潛伏,12通通,12你會,12一刻,12場景,12衣服,12喧嘩,12感染,12最後溫,12傷痕,12你別,12耳膜,12囚禁,12只在乎,12寬容,12心裡面,12風箏,12光,12痛,12許有,12退潮,12椅子,12寶貝倦,12純,12趁早,12思考,12蜻蜓,12沈睡,12擁擠,12無數,12雲煙,12稀薄,12九份,12傷了,12工作,12向,12火,12回憶藏,12交換,12整座,12情歌,12一邊,12學會,12生,12一絲絲,12張開,12手心,12麻痺,11秒,11點水,11原點,11低頭,11我度,11追逐,11因,11無論,11失望,11身旁,11小星星,11啃,11緊,11任,11安慰,11星期天,11上下,11插,11自然,11想問,11食髓知味,11靜,11喧鬧,11活著,11印象,11柔軟,11汪洋,11滾出,11醒來,11電梯,11．,11上班,11用心,11還能,11讚,11顛倒,11邪,11打昏,11終點,11春,11繞,11舞蹈,11胸口,11多久,11非常,11電話,11還沒,11轉了,11畫一個,11小情,11閃動,11外面,11藝術,11離騷,11童年,11灌溉,11養,11遺忘,11墊,11房子,11冰,11蒼老寫,11好好,11偶然,11驚,11心田,11專心,11覺,11泡沫,11粉飾,11玫瑰色,11往常,11小心翼翼,11多一點,11八月,11清晰,11滿足,11感到,11我會給,11背著,11口,11一趟,11當然,11早餐,11綁票,11面容,11不在乎,11彩色,11欲求,11傷心,11羽毛,11輕快,11懂不懂,10沈沒前,10轉身,10所,10轉載,10品嚐,10偉大,10廣大,10懷念著,10北京,10誓言,10看不懂,10悲哀,10太安,10脾氣,10晦澀,10而已,10光陰,10即使,10培養,10土耳其,10退,10麻木,10飛起,10路上,10沸騰,10跪,10然後變,10嗯,10拖延,10寬闊,10抖,10難過,10逃出,10貼,10我下,10美景,10盒子,10征服,10風吹雨,10信件,10吃掉,10陪伴,10或是,10仍,10依偎,10當初,10眼看,10遨遊,10下雪,10寄出,10一下,10入口,10裡找,10心跳,10舉杯,10目的,10星空,10記書,10勸,10便,10神奇,10覆蓋,10沙漠,10畫布,10還聽,10發光,10火車,10我用,10我慶祝,10沙灘,10罪惡,10勝利,10默契,10哇啦,10表面,10心頭,10雨季,10一條魚,10打擾,10守護,10自從,10黎明,10十年,10妳,10胡鬧,10黏著,10遙,10旅程,10並不擁,10動心,10鑽進,10算,10深刻,10漩渦,10牽起,10寶貝要,10及,10熟,10抓不住,10頻率,10尾,10掩埋,10慶祝,10日麗,10迷惘,10你現,10一生一世,10延續,10隔,10掙扎,10手練習,10我紅鞋,10孤,10纖細,10成就,10足夠,10體驗,10別問,10重新,10瀟灑,10又傷,10仔細,10江水,10忽略,10喧囂,10我賴,10無奈,10累不累,10幽默,10晴朗,10愛也,10川流,10指間,10圈,10嘶吼,10如潮,10心理,10聽過,10總有,10凋零,10縫,10挑選紀念品,10草原,10理想,10答案,10美女,10慷慨,10鬧鐘,10甜甜,10風中,10顏色,10刻下,10早點,10不堪,10吉他,10握,10破碎,10往事,10兩手,10韃,10可愛的,10驚嘆,10氣氛,10很多,10餵,10世紀裡,10亦,10疊,10踏過,10決心,10彗星,10交替,10地球,10互相,10關上,9看來,9下雨天,9那張,9老船,9綻,9開花,9深淵,9灰色,9千秋,9抹,9思潮,9空白,9漂著,9黑色,9封閉,9精彩,9自私,9攏,9跳動,9放手,9巨大,9徘徊,9空洞,9乾涸,9暗示,9零碎,9變得,9忘我,9中間,9是非,9一盆,9快別,9暴力,9明星,9看清,9點以,9蹣跚,9咖啡杯,9佈,9想法,9信仰,9蒸發,9盤旋,9流進,9安心,9拂去,9多年,9捱,9止不住,9鞦,9罵,9雨天,9許諾,9奢侈,9一幅,9緣份,9算是,9能力,9我握,9詭譎,9重覆,9衣袖,9不該,9碎裂,9白色,9飛將,9盛放,9眺望,9日出,9親吻,9快要,9眼角,9氣再,9逼,9這畫面,9卸下,9路邊,9螢火蟲,9退縮,9耳際,9胡思,9呼喚,9待,9摸,9還給,9攤,9華麗,9開出,9會有,9想過,9當你,9晚上十,9剝落,9不在意,9收起,9一字一句,9好奇,9汗,9蜿蜒,9往前走,9折騰,9萬歲,9討,9莫名其妙,9許夢,9流失,9模糊,9結束,9完一場,9懷中,9默默,9帶來,9找個,9兒,9融化,9講話,9交界,9最高,9誇張,9飄著,9綻放,9走廊,9現實,9仍然,9太陽下,9並不企圖,9堅強,9假動作,9晚餐,9意義,9淹,9問什麼樣,9共同,9飛揚,9這歌裡,9韆,9人兒,9認真,9回憶裡,9河,8入睡,8老去,8眼睜睜,8還閉,8一段,8我愛我,8個夠,8丟掉,8夜蹄,8眾人,8過客,8思想,8寂寥,8浮,8微弱,8轉著,8神秘,8情願,8言,8平凡,8信念,8操場,8踮,8列車,8刷白,8嘩,8一個樣,8旅人,8盲目,8荒涼,8脈,8揚鑣,8笨拙,8怕怕,8之歌,8分道,8簡簡,8針轉,8舉動,8憑,8溫室,8關心,8摸清,8和弦,8只會,8臉孔,8環遊,8搏,8吵別,8追著,8縫中,8隙,8強烈,8這曠古,8舒服,8高尚情操,8這綿延,8病得,8油鹽,8水中,8擁有過,8銀色,8腦筋,8歌頌者,8累計,8一揮手,8斷,8解脫,8回心,8心虛,8改不掉,8珍惜,8黑夢太漫長,8牧神,8狂熱下,8足跡,8揮灑,8從寧靜,8成永遠,8一眼,8適合當,8吉他手,8正,8星群,8嚐了,8倒不如,8下雷,8提著,8雙腳,8知多少,8鐘我,8透過,8一來,8土地,8契約,8討好,8混濁,8滯留,8天氣,8渺無音,8快樂島,8美麗會,8灰塵,8玩弄,8土壤,8涼放,8撇開,8還裝作,8耳,8有罪,8操縱,8奔忙,8我當,8求求,8哼,8照著,8氣息裡,8坐,8著眼,8抖現,8抱怨,8太想,8時鐘,8普照,8張,8殘留,8會不會,8發亮,8迷霧,8驚醒,8打擊,8哎呀呀,8神,8兮,8上流,8歌舞,8無視夢境,8蒸散,8水滴,8垃圾,8化為,8笛聲,8巨石,8一動,8初雷,8指甲,8唉呀,8嘆,8飄來,8葉子,8我揮,8破曉空氣,8掐,8怎麼樣,8瀕臨,8傳,8抵抗,8拿,8昏迷,8淡去,8喜悅,8日期,8珍珠,8傷無法,8青草,8包圍,8抱諾言,8荒廢,8編造,8上晨,8糾纏,8幾何,8不病,8看輕,8不留,8做過,8人溫,8跳蚤,8折磨,8寶貝寶貝給,8偷看,8縱帶,8左邊,8不然,8當分,8訊,8刺,8手撫,8光影,8熱烈,8劇烈,8流下,8下班,8掀起,8心思,8這雙人,8某種,8牽絆,8嘆息,8看著,8調和過,8還會,8路途,8道路,8狂放,8輕浮,8窗前,8隨白,8紛爭,8進別,8每秒,8陰晴,8崩潰,8遺失,8火焰,8開啟,8不願放,8甘願擱,8開口,8交付,8感情,8竟,8夕陽,8姿態,8隨夢境,8猜忌,8倒影,8劇情,8所有人,8實際,8下浮,8著腳,8形容,8從繽紛,8難得,8船島,8偌大,8向前,8房,8噪音,8小小,8心甘,8謎,8飯,8盡遊戲,8說聲,8甜,8觀察離,8結局,8偶爾,8人人,8放開,8責任,8那愛絕,8東西,8泥土,8還任,8傻得,8許,8據,8泉水,8婚姻,8搖曳,8魔,8不論過,8光線,8隨年,8一舉,8永久,8流連裡,8狩獵,8夠,8巷口,8真愛我,8不快,8滅絕,8地揮,8時代,8淡薄,8閃爍,8找到,8單單,8施佑霖,8無悔,8吻,8流,8苦痛,8泡影,8轉意,8愛我才,8恐懼島,8舞,8綠色,8灑滿,8睡意,8下定,8冷淡,8情意,8景象,8醜惡,8倦意,8田野,8哄,8輓,8理睬,8眉眼,8愛沒,8好眠,8輕細菌,8除非,8躊躇,8以後靜靜,8一聲,8唉,8氣息,8逃不了,8隨麻痺,8愛恨,8黑白,8刻度,8或者,8穫,8轉眼,8每分,8醉,8隱埋,8整夜,8樣,8柴米,8人像,8烏有,8稀釋,8海,8沿著,7悲劇,7濕透,7衰弱,7麻痹,7腳下,7貪婪,7販賣,7說學,7夾岸,7無視,7枯死,7午餐,7卻還,7衝吧,7自找,7耳光,7忽熱,7招惹,7甦,7腐化,7推開,7嘴邊,7疲憊,7毒藥,7奏,7春風,7虛構,7拿出,7比較,7然後說,7然後讓,7偉人,7樂有,7製,7練,7注視,7新聞,7慣,7分裂,7步伐,7不計代,7乾淨,7經眷,7阻止,7絕對,7淡,7憂傷,7明日,7保持,7墮,7明明,7兩串,7邊,7反正,7腳印,7邊界,7乘著,7的魚,7善良,7夜空,7下雨,7豢養,7抱歉,7些,7墮落,7侵犯,7放出,7別用,7阿,7樂,7酒,7七,7夕陽裡,7闔,7移動,7燃燒,7最大,7尋,7記,7價別,7濫,7不藍,7憶,7家裡,7狂風,7背,7維護,7收拾,7不肯,7尋的,7腦子,7歌聲,7瞎了眼,7困惑,7一分,7狂野,7塵埃,7微涼,7貪戀,7一再,7走進,7你誤,7先,7解,7歌裡,7成末,7求給,7辣得,7邊界奮,7包裹,7愁,7以來,7蘆笛,7第一次,7風吹來,7狂歡,7打開,7手把,7昏眩,7迷惑,7萬,7總結,7男,7剝離,7朦朧,7久,7還想,7送給,7前夕,7已亮,7共數,7望望,7平靜,7推向,7遊樂,7何必,7群花,7小丑,7固執,7依舊,7權力,7侵蝕,7終結,7粗糙,7矮,7它們,7再起,7歌手,7一條線,7落給,7留住,7偽裝,7近,7地心,7以外,7盡夢境,7消耗,7煙火,7遲早,7看不清,7非,7喊,7相似,7還看,7累,7兩人,7電視裡,7瘋癲,7每當,7一遍,7日落,7檢查,7一記,7接近,7拾穗,7蔚,7數到,7堆成,7丟不掉,7猜測,7飄過,7烏,7直覺,7字眼,7窩,7星,7白日,7裡眨呀,7慈悲,7無止,7穿透,7每一個,7散場,7碎,7反而,7不容,7埋進,7藉口,7你好,7輪,7尾巴,7氾,7淪陷,7禰,7冷靜,7很快,7發行,7擋,7總以,7隱形,7旋,7山間,7不介意,7辦法,7潮起潮落,7完成,7末日,7晚風,7整天,7看耳邊,7治療,7悠游,7菸,7面具,7抓緊,7先恨,7解決,7尖叫,7萬丈,7無知,7秋風,7以後其實,7調味,7承認,7四,7煙雲中,7床關,7顧身,7百花,7好舊,6升起,6平安,6第一,6忘神,6滴,6艱苦,6童話,6浪一來,6摸索,6剋,6戲演,6日夜,6我安,6疤,6令人,6能源,6一陣陣,6鋼琴,6麻煩,6翻起,6圓時候,6落葉離,6狼嚎,6花果,6浪跡,6問問,6陪你走,6一把,6裡了,6惰,6浪費,6完完整整,6發生,6怕不怕,6美的,6愛過,6轉之間,6愛時候,6常,6絕不會,6自憐,6半醒,6霓虹,6矜持,6亮,6幹,6有心,6閃閃,6減少,6話給,6戀太陽,6紋,6發燒,6稱謝,6鋪,6衝動,6張望,6至於,6剛剛,6飛越,6踏空,6閃著淚,6順其,6放晴,6太累,6指引,6癮,6寧願,6不會淡,6傾聽,6露出,6歡心,6只怕,6揮不去,6要命,6反省,6小雨,6耐,6早,6過幾條,6判斷,6搖頭,6最深,6思索,6蜘蛛,6信任,6空曠,6蘧,6寧靜,6雲霄載,6緊握,6不喜歡,6泡,6似風,6款款,6埋怨,6地面,6不會暗,6經犯,6壓壞,6奮不顧身,6母親,6大步行走,6浮載,6向右看,6不開,6假,6歡樂,6皺,6睏,6滲透,6幾杯,6隔著,6幾,6已無法,6出偉大,6晴空,6很久以前,6衝破,6零距離,6過程,6響徹,6鎖住,6倖,6開後頻,6不錯,6耳邊當,6僥,6墜入,6回想,6零,6眼是,6枷鎖,6丟下,6隱隱約,6有空,6編號,6一整夜,6愚昧,6驚覺,6星球,6襯托,6漂,6肉眼,6覆舟,6姑娘,6漬,6邪惡,6安定,6染色,6幾次,6錯落,6妥協,6打破,6未解,6拉,6人聲,6最敏銳,6風霜,6飯日,6只會亂,6歸巢,6這條,6手舞足蹈,6疲累,6廊,6燦爛,6跨越,6浪,6角色,6這段,6著歌,6乾,6嫉妒,6我歡,6經靜靜,6共看,6被淹,6承諾撐,6夏日,6不聞,6捏,6伸出,6一封,6一對,6這裡爛,6幾點鐘,6臺,6桑田,6還愛我快,6綠林,6有歌,6眼眶,6近靈魂,6接受,6擺動,6曲目,6天旋地,6穿過,6借給,6喜悅口,6嗝,6嗜,6不和諧,6唇,6很長,6傷沒有,6宵夜,6太重,6都種,6片段,6預料,6蹉跎,6頻回頭,6唔,6像蕾絲般,6愛不會,6預期,6成全,6面,6不能自己,6火什麼,6聽見,6愚蠢,6想賴,6舞曲,6回航,6逃脫,6堅決,6拋空,6同地點,6同,6太難,6歐歐,6游樂,6當做,6獨白勝過,6上演,6沈吞,6的紅,6耳邊,6周,6緩慢,6拖著,6我酷,6寂靜,6血腥,6傻瓜,6喃喃,6投訴,6白雲當,6巧合,6而是,6歷史,6喘息,6義時間,6已來,6大街,6惱火,6飛在,6難以,6預演,6有風,6鹹,6吐,6飛出,6享有,6想著,6嚼,6落撐,6落日,6芭蕾,6極限有,6它並,6變調,6偕老,6冰雪,6且,6昂揚,6邀,6回響,6好友,6同時間,6以後揮,6會換,6不趕,6屋簷,6管不住,6幾遍,6感慨,6湘北,6湘南,6愛使,6蘇打,6藏不住,6傷痛,6不能不,6正要,6火箭,6紛擾,6孤傲,6載舟,6泥沼,6暴雨,6謝謝面,6窩裡揮手,6快長,6白頭,6牆,6水能,6假象,6陽天,6慚愧,6四季,6竄,6逆著,6將來,6本來,6總會,6灑下,6去定,6盲,6享用,6疑問,6向左看,6歸,6一言,6遺棄,6然,6守夜,6不吭,6維持,6掛念,6犧牲,6應許,6浮現,6不回,6湖泊,6某個,6感傷,6漲,6重傷,6垢,6熱切,6磁場,6厭世氣,6凋謝,6刺痛,6還不懂,6客串,6地懶,6願望,6拋在,6樂園,6午睡,6顯得,6最後只,6色,6好比,6使愛變,6女人,6談論,6較,6咪,6一臉,6殺,6兩,6死亡,6每一分,6我放棄,6不可或缺,6任時光,6疼,6它現,6狂妄,6苦楚,6牌子,6不憂傷,6甘願,6手淋著,6點點,6活埋,6漾,6堅定,6不會謝,6早晚,6終將,6大樹,6如此而已,6之際,6並不,6呼面,6南國來,6心底,6沒有過,6戲太過,6家人,6前方,6語之間,6作一場,6紅色,6劃凊,6裡,6知己,6真,6任憑,6睡眠,6始終,6啤酒,6地獄,6越遙遠,6深邃,6馴服,6叫做,6床邊,6蛻變,6燃起,6時間裡,6哪些,6一雙,6悲壯來,6界線,6學不會,6印去,6提好,6甲,6結緊,6滄海,6裝著,6沈河,6吶瘋,6俐落,6傳頌,6一閃,6去秋,6百般,6星期二,5踟,5容許,5過得,5目光,5逃出去,5轉,5認識,5過不願,5乾燥,5門擁,5烤焦,5搖,5消化,5別膽,5夜已,5各站,5這張,5一眨眼,5哭紅,5飛魚,5著車,5內,5澎湃,5價格,5化作,5投身,5狼,5滿是,5愛還,5正在,5愛遇,5大道理,5起腳,5上升,5紅燈,5夏季,5山水,5碎玻璃,5理解,5空,5縱害,5高超,5閃電,5遍地,5提早,5當愛被,5是魚,5榻,5當我們,5心繼續,5著人們,5北討南,5目送,5一陣蟬,5海平靜,5海平面,5水仙,5公車,5溫床,5安排,5我聲線,5場,5小動作,5美麗天,5膽怯,5什,5處,5地過,5然而,5容不下,5鐘就,5跌入,5最熟,5見心,5一朵花,5無邪,5幾天,5活該,5天國,5著無聊,5雪白,5歡呼,5怪,5涷,5範圍,5妖魔,5天邊,5華,5酣聲,5盤,5腸了,5走路,5天比,5演技,5放在,5獨家,5斑駁,5面該,5用光,5齒,5魔術,5館,5逗逗,5線索,5畢,5數不清,5美妙,5明年,5承受,5苦,5經愛著,5幻滅,5翻,5心肝,5著火,5克制,5流通,5曲折,5煽動,5出來,5可救藥,5卑微,5了不起,5心腸,5著爛,5嘆息灑,5出柔軟,5難題,5最爛,5喉嚨,5這片,5不甘寂寞,5歡愉,5放心,5嬉笑,5斷氣,5生病,5預見,5脈搏,5灼熱,5故鄉,5富有,5電視節,5嘈水聲,5望著,5血慶祝,5王冠,5背包,5給我,5心願,5晚得,5反射,5慢,5淪喪,5戰場,5一如,5目想,5那棵,5生死,5經仔細,5不是太好,5太放,5滿天,5停格,5敢,5卮,5有救,5漫天,5桌上,5一則,5情侶,5十分,5腐朽,5下起,5走長,5不眠,5費,5描繪出,5許能,5偷走,5塗,5誤導,5詩裡,5海邊,5早上,5敲進,5台,5密視野,5嬰兒,5窄,5遠方,5忠孝,5名以,5召喚,5修改,5女明星,5寄來,5著時,5鎖在,5播著,5不記,5不用,5我頭,5收集,5苦日子,5精采,5承諾過,5襯衫,5爛了,5掙扎夏蟬,5強盜,5薄,5揀,5也屬,5心泛,5換走過,5愛得,5記號,5我點,5梧桐,5完全,5共渡,5熱熱,5汝,5開來,5停靠,5著醒,5再認,5看無聊,5樂當,5暴風雨,5計謀慶祝,5前奏,5形同陌路,5過錯,5包著,5舊,5哦,5電,5按,5白費,5忙碌,5滿塵土,5笑聲,5卡,5逐流,5蝴蝶夫人,5舌頭,5再過,5冬,5模仿,5感性,5寶藏能,5隨波,5肩縮成,5任何,5中央,5有著,5合,5我能,5滿雲朵,5打轉,5拍拍手,5面無,5大嚷,5味,5嘈,5公園,5烏雲的,5真相,5下個,5拆穿,5請求,5腳邊,5麗,5還為,5將你,5迎接,5臉閉,5位置,5心疼,5無限靈魂,5空氣轉,5中充,5作者,5降臨,5存,5河水,5停止使用,5吃不完,5吟唱,5某刻,5熄滅,5溫熱,5理智,5皮膚,5成熟,5莫測,5談著,5偷偷,5溺死,5掠奪,5浮生,5澆,5透,5東路,5冬夜,5風雨過,5亢奮,5血,5意思,5從前,5床,5董運昌,5你將,5某夜,5純粹,5窮涼,5光照,5鏡子裡面,5美洲,5凡響,5不夠,5不壞,5身,5甚麼,5不定,5愛睡,5唱歌,5每夜,5海總是,5躕,5毀滅,5將我,5右邊,5一頭,5從何,5蜉蝣,5竟是,5好看,5節目,5博物,5找線索,5涼,5仰望,5任性,5醒過,5分明,5鑽出,5難得別,5疑猜,5哈哈哈,5比蒼穹,5滋養,5猛,5常有,5頭,5尷尬,5深遠,5雲朵,5反鎖,5刺激,5某天,5證明,5各自,5點還,5桃花,5伊,4作弄,4正常,4翻譯,4知,4眼中,4欺瞞,4快樂當,4愛你才,4規律,4夜細雨,4著妝,4加上,4誤會,4佛斯,4謙虛,4賴來,4臭,4一桶,4做到,4門扉,4景美,4通了電,4虛空,4異國,4半頂,4龐大,4沒法,4剛好,4雨滴,4日常,4邊充,4曲上,4邊一個,4黑裙,4子夜,4過往,4挑逗,4上山,4無言,4既有,4愉快,4然後黑,4容貌,4零瞬間,4經歷,4當道,4荒塚飾,4濃得,4腐壞,4山林,4毒蜘蛛,4剝奪,4六角,4鐘也,4我僅,4委屈,4最終,4太多困,4超脫,4捲,4還一樣,4正因,4橄欖枝,4秋水,4枝,4濕的過,4投機,4艷陽,4事實,4身手,4搞,4給它,4割斷,4飲用,4一掌,4沿路,4葉,4克萊普頓,4下來然,4鬼胎,4光速,4扛,4這叫,4經有,4倒,4肝,4念向,4朝,4論人,4作品,4坦克,4夏宇,4大人,4身材,4耐性,4直接,4昇,4規則,4奪走,4經意,4數位,4問候,4顆糖,4揉碎,4激動,4忌妒,4雖有,4攜手,4吼,4高貴,4第幾次,4漣漪,4野獸,4東方,4句點,4放大,4海陽光,4星光,4鐘怎麼,4永恆愛像,4魅影,4邂逅,4住進,4皮黃嘴,4斷腸人,4著輕盈,4體蠢動,4褪色,4紅鞋,4黑亮,4是艷火,4指尖,4只教,4摩西,4交頭,4改,4心門拉開,4和平,4快快,4看得,4辛苦,4粉,4沮喪,4軌道,4究竟,4來過,4退一步,4台階下,4挑著,4按下,4出界,4機器,4狠狠,4懷抱裡,4寫入,4一碗,4容顏,4見光,4語裡,4最柔,4相濡以沫,4解藥,4詞窮,4舉凡,4多枝,4之星,4整片,4奇,4混著雨聲,4多情,4記憶留,4這裡個,4周圍,4表,4揚起,4惡遊戲,4有傷,4轉頭,4取代,4可否,4看官,4手主動,4已過,4受苦,4幽幽,4塞,4臨盆,4難道,4元,4溫度,4幾個,4比基尼,4逃到,4憤慨,4親愛薛西,4我並,4帆,4交直流,4跳個,4條線,4著紅酒,4墳場,4想得,4乞討,4縱,4我膽,4拎,4西,4以面,4魚守,4頭怕,4風景能,4粘,4記著,4悔過,4地還,4超速,4演奏,4詬病,4無關,4忘掉,4緊擁,4主動,4白夜,4駭,4恰似,4丟紙,4趕快,4手上,4殘忍,4奇怪,4放眼望去,4世故,4大夢,4痴,4綁,4店,4生靈加,4矛盾,4別顧,4扔,4磨擦,4再美麗,4愛我並,4推著,4一盞,4白忙,4白天黑夜,4原,4功聚,4接耳,4我將,4筆一,4扭曲,4全在,4阿福,4數峰,4即將,4悶熱,4經捧過,4一生,4舞來,4禁閉,4狼主,4將心靈,4龐快,4發展,4如煙,4軟,4陰霾,4其,4千年,4輕聲,4狼煙,4揭發,4鴨,4塗畫,4螻蟻,4晚,4俘虜,4蟄,4散開,4謎題,4不太熟,4凱旋,4浪靜靜,4著煙壓,4冰箱,4部分,4晃,4實活,4經以,4子,4某部,4里,4記掛,4衝,4上空,4一世,4十五,4萬里,4條件,4裡我,4選,4字片,4釣,4我給,4超載,4逞強,4缺點,4做當,4放到,4幽浮,4問不會,4幾莖,4相遇,4彩券,4正確,4多到,4兌現,4指縫間,4丰姿,4天涯,4這苦,4燒傷,4我為,4水珠,4那紅紅,4迎面,4視,4三百,4想想,4邊緣,4丟了,4心臟,4輕視,4諾言,4人帶,4喃喃地,4手裡,4濃煙,4說當,4拋開,4脈博,4這分鐘,4落英,4變溫,4無謂,4聖潔,4繩索,4裡浮,4計較,4還在裝,4幹愛情,4地亮,4棉被,4景像,4廢話,4憂愁,4一葉舟,4水馬龍,4遮過,4我畫,4吵架,4皈依,4看未來,4消磨,4越遠,4上眼,4歌頌,4臟,4著眾,4罪怪,4藍得,4文化,4鬧區,4帶露,4闖過,4支撐,4緊人,4靈感,4微末,4世俗,4鏗,4角膜,4多一些,4不著,4求現,4十字,4聲響,4有戰,4邊有,4圓缺,4壓痛,4幹晚,4著進,4掩護,4店員態度,4中旋轉,4集中,4修正,4嘲笑,4塵封,4禁不住,4繁花,4過氣,4驕傲踐,4耍,4天鵝頂,4使者,4看天國,4最嬌媚,4謠言,4插隊,4時空長,4盆栽,4怎,4沈醉夜,4血紅,4一尊,4曲終,4大夢葉落,4分海,4急,4分激動,4許燈亮,4魂,4家臉,4淨末,4不起,4循環當,4指環,4歌迷,4同名,4我應,4激昂,4一千,4睡個,4對愛不,4治平,4著太陽轉,4碎片,4永恆回,4蕭邦,4你貓,4戲團,4毀棄,4寵愛我,4送走,4亮光,4世界末日,4還靜,4平息,4輕輕旋,4走遍,4問愛,4鍊,4深埋,4煞,4察覺,4還過,4日暮,4沒到,4輕繽紛,4抬頭,4一地,4你講,4日本,4生旦,4愛永恆,4我整,4喜怒,4反叛,4注意,4譫語,4敲開,4信,4夜曲,4單時,4看不見,4失序,4成燦爛,4幫助,4坐火車,4猛烈,4著望,4蓑煙,4拉起,4珍重,4混,4支歌,4激情,4能否,4即,4景觀,4氣保護,4我飛,4不痛,4籬下,4全副,4紛紛,4油漆未乾,4何其,4可站,4教,4紫夜,4不甘,4歡永恆,4齊發,4裡混亂,4紀的,4暴躁,4深愛過,4不理,4忍受,4遇到,4模式,4糟人,4同性,4每次,4珍貴,4傷悲,4那頭,4王,4趟,4無風雨,4合奏,4腦後回憶,4不癢,4越緊,4依,4會當,4傷這樣,4眼請,4想安穩,4縮小,4親朋,4哄哄,4花香,4砌成,4屑,4幻象,4訊息,4迷戀,4淚流,4轉動靜靜,4夜黑,4大部份,4暈眩,4吉普,4解出,4打通,4甘心,4考卷,4吹亂,4語已,4許煙,4何妨,4布幔,4綹,4細菌,4不給,4天花,4跌進,4似乎,4梆子,4轟動,4逃跑,4佯,4低吟,4舉行,4心房,4心扉,4劃成,4遺留,4浪費海,4候剎,4換,4塵埃綠樹,4濃得化,4高中,4水面,4綸音,4音場,4問過,4驚濤,4亭亭,4奈何,4那間,4上面,4記載,4人性,4摧毀,4臉蛋,4過還,4祝福,4低下,4泡成,4裡雨,4開在,4竊,4它化,4還不夠,4一輩子,4負責,4門外漢,4遠行,4難會,4睡得,4意外,4他用,4翅,4過身,4身後穿,4相會,4妝,4搭上,4人絕,4煩愛情,4四周,4榮幸,4憑空,4你戲,4劊子,4金魚,4指頭,4列出,4垂,4煩晚,4王國過,4錯覺,4歐紅鞋,4左腳,4八卦,4牛頭馬面,4女,4昏暗,4先來,4駕著,4地證明,4鐘那,4不必,4惡夢,4樂滿口,4愛仇,4罰,4昏擱,4意志,4鏘,4不願意,4邊際,4不成,4去年,4扎入,4略去,4大街小巷,4這腔,4眉宇,4階前,4假裝,4簾拉開,4尊嚴,4岔路,4受人,4莫及,4耳邊訴,4青東,4不理不睬,4我花,4美麗風華,4帶給,4閃爍星,4挑,4更改,4邊車,4中喘,4公允,4眉心,4痙攣,4幽靈,4相機,4猙獰,4悠遊羨,4人犯,4太多太多,4約會,4瘟疫,4衰老,4眼鏡,4德布,4一片空白,4眾人共謀,4裡頭,4莫名,4幾莖頭,4負荷,4姓名,4時常,4幫,4寬心,4掀開,4快速,4社會,4如歌,4面目,4著愛情,4萌芽,4結尾,4無可,4如同,4創意,4焦距,4暫化,4右腿,4嘴巴,4許天,4掂,4溝通,4你後悔,4槳,4原罪,4蹟,4雲梯,4婦人,4漆黑,4根頭,4漫身,4扣成,4觀賞,4並不總是,4暗自,4戀,4走上,4地毯,4相愛不願,4關於未來,4不值,4總不貼,4裝飾,4格林威治,4最難,4無數次,4歷經,4哀樂,4不公,4加強,4人要,4挾持,4牛頓,4蹲,4沒說,4氣給,4重來,4懂夜,4照亮,4相時間,4徵華麗,4全球,4腦袋,4累積,4積水,4或聰明,4劃下,4理所,4家庭,4已成,4交給,4智慧,4之花,4更美麗,4航線,4未乾,4缺口,4開滿,4地想,4四溢,4流出,4不屑,4過線,4哭醒,4血淋淋,4清淡,4不覺,4倒掉,4無晴,4夠堅強,4逼迫,4黑晝,4尊敬,4燈火,4扶梯,4背裡,4出賣,4嗔,4鄰居,4該載,4沾染,4氣球,4薄弱,4萬套,4插上,4愈,4快樂飆,4好漢,4煙歸雁,4中填補,4自虐,4聲潑,4的圓,4伸手,4肺葉,4傳說,4輕人,4觸覺,4深藏,4陰天,4有凝結,4捉,4控制不了,4受害者,4試煉,4限量,4思議,4解禁,4來源,4感,4寶藏,4千里,4歸不斷,4賽猶太有,4戀愛我,4志,4垮,4江流,4拾獲,4現場,4望寧,4親切,4當時,4碰,4過我,4人影,4濃烈,4一頓,4活在,4懸崖,4紛亂,4少年,4豪宅,4形狀,4摔碎,4忘言,4架上,4熬,4鬼神,4邊音樂,4潘朵拉,4將會,4武裝,4爭仗,4那班,4這紛擾,4年月日,4傳來,4離開海,4調快,4這兩者,4許在,4節的,4思量,4優點,4屋外,4時分,4駱駝,4風兒,4潑,4樂永遠,4奇跡,4游動,4驚喜,4隨享,4升空,4照射,4丑,4隱居,4活到,4浮木,4落得,4苟活,4在水一方,4龍套,4踏,4開無法,4哈,4純潔,4氣質,4精選輯,4砸碎,4孟浪,4東風藏,4分擔,4土裡,4性,4沒想過,4不休,4當海,4邊窗,4赤裸,4愛才,4預報,4小組,4地痛,4插座,4展覽出,4要安靜,4一隊,4枒,4天毒氣,4過當,4將我們,4中獎,4沈溺,4偶像,4多視,4此,4仔細展,4之後不斷,4所欲,4狂吶,4窮,4承諾,4湊合,4隱喻,4屬,4沈淪,4謔,4移民,4沈浮,4藍轉,4艾,4彈著,4大夢夜,4質疑,4愛是,4唱首歌,4猜疑,4以為,4廣袤,4著韻律般,4關了,3反,3遇過,3冷冷的,3揣摩,3做個,3粉刷,3外套,3抓著,3窮奢極,3離今,3身段,3受難,3宣紙,3星座,3脫撐,3養壞,3滿滿,3詛咒,3奶茶,3寬長,3畫為,3兩邊,3絢爛,3不疏,3配,3真假,3一分一秒,3我娘,3前過,3先鬧,3我家,3僅扣,3處一陣,3泅潛過,3小芬,3腦海,3有個,3失措,3綑,3主人翁,3人潮,3天份,3夢中,3成雙,3失敗,3屁事,3踩爛,3溫柔釋,3這就,3轉角,3執,3暫,3不誠實,3法律,3偏,3諷刺,3受過,3渲染,3這夢魘,3或狂,3乏味,3莊周,3千百,3一抹,3撕裂,3放給,3頂峰,3假如,3堡,3會妝點,3鏡子裡,3時間終,3出海,3喝醉,3修剪,3急速,3之夢為,3睡著,3之後扣,3點破,3幾乎,3最後淪,3照,3夜去,3塗塗,3碰到,3肆虐,3設下,3威風,3小路,3濂,3滋潤,3太尖,3經凝視,3神經,3風景間,3渲洩,3一束,3覺則,3一枚,3南瓜,3傾,3音都彈,3轉腳,3稱謂,3風浪夢中,3太多傷,3昨晚,3法國,3放空,3奇異,3用笑,3仙人掌,3咳嗽,3亞熱帶,3雷響,3糞蟲,3太快,3呻吟,3刷牙,3玄虛,3最遙遠,3病房,3擅長,3人海茫茫,3經給,3遠鯨魚,3掩護當,3投靠,3耶,3村莊,3窗一個,3算了,3演出,3得體,3多放,3歌裡面,3好過,3傻傻,3遮蔽,3幾回,3褪去,3襲金手,3秋老虎,3稱,3電台,3習用,3點,3幸好,3解開,3燙,3了傷,3畫是,3靈塗炭,3飽,3尋歡,3汽球,3昔者,3逃兵,3候,3這輩子,3輕放開,3當你有,3安息,3去過,3我亮,3剎那現,3值得一提,3拋物線,3爭吵,3棉花,3裡像,3趕去,3厚厚的,3生來,3彩排,3寄放,3化做,3寵愛也,3發據,3艷火,3馬車,3蝕,3新鮮事,3速食,3點的,3怪手,3牙痛,3撿,3塗上,3置,3成血,3漫畫,3將要,3濕透白,3眉頭,3版本,3懼,3親人們,3給予,3折疊,3週末,3沙漏,3轉過,3壘,3臉同,3癲,3風吹過,3著電視,3宗教,3本質,3而來,3不會會,3春雨,3觸摸過,3愧疚,3星期六,3嚴肅,3曝曬,3抄襲,3腿,3宣導,3魚群,3得意忘形,3大成,3香水,3你雙,3顛無處,3人身,3沒上,3出細菌,3順應,3緊張,3醫院,3演成,3傷,3逃不開,3饒,3載,3火腿蛋,3欠,3菩薩,3狠,3心變,3這種,3洗臉,3加油,3渴盼,3如絲般,3走近,3最後決定,3涼涼,3換走,3裡旋,3大慰,3生根,3殆盡,3單純長,3而生,3連頭,3體,3自信,3過後總會,3點唱機,3今以,3心動魄,3索去,3回扣,3著線,3重重,3美夢,3在給,3抗爭,3天央上,3光鮮尊,3輕輕拉著,3走走,3情,3這危險,3妄想,3該放棄,3者,3命令,3心裡長,3善變,3心肺,3流透,3烈烈,3正直,3小時代開,3虛假,3迷走,3哩,3夜燕,3做陣,3單過,3天性,3包括,3最後都,3沈迷,3埋名,3的過,3臉換,3叮嚀,3廝守,3處處,3重點,3臉成,3年紀,3照耀,3掙脫,3悲,3著現,3斯罪過,3排山倒海,3最珍貴,3暴風煙,3可靠,3餓林,3便責,3腐爛,3音樂響,3預言,3毫無恐,3著發,3中午,3愛的別,3披覆,3懦弱,3討厭,3信空,3枕頭,3稻草,3藍心,3更迭,3極限想,3胃口,3肯永,3相處,3迷,3顧著頭,3流行,3著熱切,3假想,3馴獸師,3風雨,3伸出手,3有所,3距離永恆,3信誓旦旦,3不落,3歡笑,3熱死,3這時候,3票根,3同張,3時陣,3一塊,3打斷,3渾圓飽滿,3耶耶耶耶,3迷離,3有感,3玩味,3撥,3停泊,3恍惚,3明,3掛起,3雙重,3手銬,3收斂,3說法,3濃正,3銅幣,3撫養,3身心,3溫習,3墨漬,3連覺,3隨音樂,3裝上,3粗魯,3填滿,3貓來,3真有,3如舊,3脫口,3你老,3牆外,3食,3栩栩然,3過紅鞋,3觀察,3太晚,3親,3相聚,3可貴,3瓊漿,3渦淹,3我永遠,3天終,3躲雨,3犀牛角,3走不近,3捉會,3談地,3監制,3衝擊,3父子,3星期,3遙遠異,3心過,3在手,3剩剩,3回憶亂,3裡翻,3烏鴉,3開書房,3寬,3一台,3魚算帳,3盼望,3傲慢,3這海,3變無限,3這才,3蔚宇,3模,3問暖,3並不會,3迎著,3忘不了,3失守,3賺,3自在,3目眩神迷,3那有,3幾秒,3看個,3沒去,3嚇鳥用,3一回,3理,3浮士德,3他後院,3越荒,3樂若,3日月,3塞滿,3那時,3無尋看,3衣裳,3崗位,3一向,3自同個,3神仙,3點兒,3過節制,3我凝結,3自喻,3悔,3連痕跡,3吞進,3愛留給,3異次,3著涼涼,3喜,3細琢,3大約,3書外,3扛走,3般,3游泳,3柔情,3狡猾地,3愛多,3夢話,3起不輕易,3可笑,3龔鈺祺,3我睜大,3連結,3飛得,3手發抖,3不慌不忙,3手握,3實,3味懷念,3跳著,3公主,3荊棘,3不發,3忐忑,3活是,3關起,3玉液,3昏睡,3遙遠親,3新聞毀,3解剖,3光年,3所及,3莉子,3．,3顆糖合,3心活,3大手,3光彩,3淡藍色,3停頓,3數著,3不和協,3噠,3探順,3精雕,3躲會,3框架,3輕易,3成品,3消遣,3是否是,3垂敗,3聚,3連篇,3俄然,3亂語,3仁慈,3癡,3當我要,3辦公,3著遠,3不可捉摸,3蠟燭,3投下,3我過,3潛意識,3下終,3恆,3再計,3巨蛋,3配對,3心擁,3萊普頓,3詩雯,3心慌,3裂縫,3適志,3麻雀,3駭人,3絆倒,3杜鵑,3母夜叉,3現成,3風浪,3心成,3變身,3我夢鄉,3滿腦子,3背後讓,3風像,3細胞,3切切,3你終,3臉色,3還未,3高樓,3扣住,3每件事,3懸掛,3發,3黑獨處,3撫息,3樹裡,3聽聞,3進來,3懈,3如秋,3生長,3困難,3然周,3錄下,3夢搖晃,3非愛我,3受夠,3新娘,3騎,3行囊,3依賴淚,3小時候,3原則,3必然,3嚴像,3禮物,3四散,3狗,3魚載,3緩緩,3炫耀,3我覺,3啥,3皺眉頭,3變塵埃,3編織,3綵,3不枉,3著訴,3古老,3嗚,3試,3進入,3滾,3渾然,3感想,3火看,3口氣,3循環,3垂直,3左邊側,3認為,3闊握,3逍,3流洩,3容顏紅,3再長,3擁吻,3捎,3丟三忘,3襪,3縫陽光,3一件件,3鮭魚,3鞋子,3過眼淚,3對岸,3還漫長,3大廈,3志氣,3懺悔,3銳當,3背後飛翔,3落為,3已屬,3心熱,3抽,3對別,3叫住,3還留,3胡言,3地搖晃,3並不虛,3有裂,3街拉開,3好多,3夢醒,3不清,3親愛的,3美夢快,3淚眼,3流擁,3前世,3郊外,3成仙,3鍵,3多重,3報紙,3水藍,3來往,3形式,3地址,3哀傷,3蜜糖,3咬一口,3種種,3立碑,3開壞,3反應,3心眼,3罪過,3播放,3拜見,3人來,3雲穿,3欲,3幻虛幻,3腦海揮,3好了吧,3美夢撐,3貧窮,3將現,3其詞,3不唱,3攤不開,3噓寒,3開有,3一籌莫展,3腰桿,3自言,3濕熱,3自語,3開層層,3兇狠,3義,3小指,3四方,3還以,3傾盆,3還不,3自覺,3故,3歌吟,3全然,3暫停,3摘落,3噎,3退去,3拜訪,3走來,3吠,3終於發現,3無框,3相反,3翻湧,3血裡流,3興奮,3海上,3連夜,3來撫,3直言,3從什麼,3找尋,3糖紅,3美夢成,3次寧願,3公正,3哪吒,3你們,3以後坐,3高跟鞋,3正飛舞,3憐憫,3這集體,3相偎,3驚奇,3大鎖,3算一天,3會愛上,3家凱,3曲培芷孫,3戀人,3緣分,3挪威,3隕,3自舊,3行為,3風乾,3記憶裡,3魔術師,3風一,3推翻,3要過,3活來,3一聽,3浪漫,3花蕊,3回回,3時時,3透徹,3煙霧般,3故弄,3裝進,3一腳,3還沒到,3周之夢為,3瑕,3充滿鮮,3此生,3無恥,3掌握,3先不論,3空隙,3迂,3倒數,3花茶,3更動,3暝,3冷血,3多香,3發狂,3多蠢,3解答,3春日,3漏掉,3曝露,3電話聲,3還不會,3哪輕,3感官,3哀愁,3擺脫,3空間裡,3海因,3愛人要,3遠足用,3糟糕,3情感,3荒野,3當是,3米,3戰鬥,3國度,3糞,3夜特別,3奉獻,3隱姓,3種在,3渺小,3比起,3親像,3難看,3種起,3謬越,3門鎖,3撫平,3貘,3不好受,3凋落,3著凍結,3烏雲張,3狂吻,3胃裡頭,3人家,3顧著,3換一個,3熟睡,3葉夏艷,3照得,3車廂,3門關,3溫光長,3沒萬一,3好不好,3畫,3歿,3縛的,3隨便,3刻劃,3揹,3抓牢,3彈起,3針的,3有情,3點頭,3摘過,3改改,3深夢鄉,3英國,3守住,3友誼,3風心,3奢華,3抵擋,3排,3妖,3傷心傷,3懸在,3解渴,3朔,3未必,3電話響,3相依,3查不到,3洪流,3零食,3心特別,3聽見獻給,3每句,3心動,3惆悵,3拼了命,3化妝該,3爆落,3在我心中,3圖書館,3樹葉,3當淚,3誕生,3愧,3慌張,3圍困,3鬚,3畫我要,3合是,3度過,3死後才,3覆去,3琴弦,3沈潛,3救,3尋花,3性子,3燭火,3踢,3矇,3圈點,3返來,3觸,3芳草,3娘,3熄燈,3對當,3過後的,3空著,3換個,3起床,3花都,3堅固,3打直,3漫遊,3徐錦凱,3孩能,2算式,2一陣雨配,2經不僅,2哭管,2艷麗,2聽見當,2同流,2涅槃,2解除,2傀儡,2公路,2饑,2最痛,2一人過,2愛妻,2女朋友,2術頭,2綠出,2我質疑,2離不開,2抱人,2水上,2普普通通,2買的給,2四號,2光害裡,2名片,2快亮,2狂熱習,2孝良,2勞動,2胖,2贈品,2山崩地裂,2褲,2聊聊,2憔悴,2韻腳,2針底劃,2凍,2一桌,2之後看,2教條,2淡淡,2過後靜靜,2休止,2毋須,2全部,2打嗝,2遺言,2風花雪,2最憂愁,2貸款,2白雪,2減跟著,2良母,2保羅麥,2小船,2笑嘻嘻,2成半開,2夾子,2咽喉,2基因,2山,2處子般,2離人,2遍,2古典,2愛這個,2心越,2糖份,2破舊,2義總有,2天下,2多夢境,2溜,2黑裡,2字間,2成雪,2機,2沙皇,2殺戮,2七捕,2平庸,2結,2笨樣,2蛭,2炒,2弟弟,2爆笑,2步履,2已離開,2灰背,2回來給,2蛋,2降,2意足,2屋檐,2僅有,2狗狗,2智能,2同款,2真厚,2魚更啞,2發一言,2無話,2同歸,2不忘記,2問完,2過年,2微光,2然後冷戰,2瓦解,2臉上,2枯,2深沈,2永恆歲,2最爽,2花梗,2莊子,2罐,2奉獻紅色,2是貓,2醜陋,2逼成,2搬到,2還遲疑,2男生,2分際,2哪裡會,2專訪,2黏,2須遊,2正式,2要爛,2這兒,2分離,2冰入,2腦海中,2燈鎖,2八道,2鍵盤,2還深,2裡你,2城萬里,2聽雨聲,2龔鈺祺有,2相對論,2失業,2還凌亂,2冷氣,2愛犧牲,2沒辦法,2道行,2閃過,2回事,2多絕,2來怕,2群,2遠近,2靈和魂,2女神像,2電池,2頌,2頹廢像,2濫用,2空氣實,2自慰,2麥擱,2漫不經心,2牛眠,2脖子,2接收,2短頭,2詳細,2大不了,2枯柳,2兩顆,2譁,2美才,2發皺,2噓,2不太好,2困別,2這季節,2子圍,2溫暖時,2性感女,2雲配,2房裡,2那一邊,2成養,2永恆有,2這前,2深情,2出水,2艾力,2遍及,2鼎盛,2那傷,2口齒,2盡管,2拆,2用距離,2經是,2顆星,2因愛是,2有別,2聲響過,2深林,2難解,2共交織,2檯,2過街花,2蛇,2紅的,2悠閒,2窗邊,2給你給,2山河,2反抗,2一池果,2戀愛轉動,2零零落落,2擔憂,2盼,2城裡夜,2女學生,2汽水,2交響,2一朝,2正午,2謊言遠,2拼貼,2雲霄,2昏人們,2光白,2西裝,2這呢,2三千,2還猶豫,2盒,2仿若,2晃動,2風景長,2亮鍵盤,2我作,2放鞭炮,2溫,2一脫,2羔羊,2地區櫻,2閒,2外國,2陪著,2曰,2梅,2夾在,2雜誌,2一攤,2黑人,2裹足不前,2著圍,2明知,2乖,2丟棄,2十日,2善感,2詞曲,2滅之歌,2沒想,2選擇會,2雷雨,2過傳,2他點,2忠,2一旦,2一日,2路口,2強權,2旋風,2負責任,2前途,2數剛,2餅乾順,2窗簾用,2千萬里,2採烈,2不後悔,2倘若,2最新,2給我們,2獨棟,2安睡在,2給你想,2堆,2一笑,2臉報,2飛貓,2發出,2發洩,2覺心裡,2失焦,2電光,2街角,2動物們,2倒頭,2多數,2一篇,2怦然,2累贅,2尤賀志,2鬼魂,2互訴,2直線,2示弱,2大膽,2懊悔,2登口,2千江,2成永遠然,2覺曉,2滿小塵,2開門,2開開,2五十元,2飛轉,2點綴,2一字不差,2郵票們,2花絮,2快樂有,2書,2這世間,2陌生人,2嗩吶興,2牛脾氣,2假裝彈,2飛車,2如夢如風,2勁,2警察,2損傷,2賴床,2之後春,2無法忠,2愛計,2電話給,2栽,2雲要,2愛漫長,2數不完,2翻飛,2詮釋,2毛,2犯,2執行,2花筒,2麥稈,2將融,2演員,2及格,2跳到,2殿堂,2差一點,2光輝,2愛情給,2一群,2裝滿,2口腔,2拾起,2殺人,2啞巴淫,2事兒,2模模糊糊,2奔擊,2甜言,2明滅,2跳入,2龐女,2穩當,2樓,2凝固,2幻影,2季風,2奏響,2耽誤,2能給,2成雙天,2真永遠,2鼓掌,2需,2經多麼,2如洗,2太難過,2捻熄,2如神神,2這也,2守,2意,2消長,2滴濕,2開過,2哲今,2雨絲,2相隨有,2金壺,2交通安全,2這件,2無邊艷陽天,2最活,2蹤,2下水道,2太狼狽,2刷錯,2剪下,2戰爭,2亮片,2世紀末,2苦臉,2香味,2四點,2數學,2實在,2皮箱,2落噓別,2雷聲,2細數,2登場,2飛葉,2招牌,2用河,2纏綿,2前後前,2級,2薔薇,2穀,2鎖一個,2力克,2阮策,2詠,2詞現,2跌倒,2不起眼,2如火,2此時,2已雲煙,2幢幢,2痊,2空間給,2牛,2伸長,2燒成,2隨緣分,2得逞,2花瓣,2邀請,2膝蓋,2鐵軌,2無非,2粗神經,2幾年,2頂上,2團員,2午後時,2回憶拉長,2中點亮,2敷衍,2千日,2菩提,2事件,2門口擱,2拈花微笑,2恣意,2機場,2要是,2對面,2由,2美術館,2消逝,2阿修羅,2躁動,2閃著,2一瞥,2憨,2虛擬,2積非,2諸葛三顧,2做些,2奔波,2順序,2解不開,2勁到,2根本,2虛有,2栽種,2瞄到,2破解,2看出,2甘知,2翻開,2太久,2最毀,2同班,2點燃,2臨給,2耶現,2吐露,2多無常,2沙沙,2裡好,2而且,2逃學,2前路,2防備,2右,2推,2歡唱,2雲層,2狂噓別,2粉墨,2眼之間,2嘿嘿嘿,2退退,2鑽,2渴,2插花,2建造,2苗,2可言,2上移,2停格永恆,2希微,2魚缸,2剝繭,2心血,2未免太,2弦月,2場面,2詩登,2取笑,2底,2車諾,2承諾為,2鮮花,2你面,2牢,2路給,2善若,2藍先,2青鳥,2林瑋哲,2點亮,2煙萬里,2穿起,2今,2滿愛便,2鮮艷,2確厭,2傷痛傷,2加深,2潑墨,2說給,2牛彈,2不輕意,2分,2大惡,2想什麼,2充滿疑,2輕放,2小聰明,2放著,2沒去過,2煩過,2通紅,2臉紅紅,2出無限,2左看,2昏送,2燒完,2神化,2還輕,2奮鬥成,2膚淺,2嘹,2地下道,2訊號,2盡去,2十二,2之後全,2一串,2其他,2白有,2拿掉,2儲存,2美學,2忘川,2茹素,2羨慕別,2句,2讀書,2勝天,2要夢想,2羞羞,2胡說,2獨島,2大門寧靜,2合不來,2晾,2床上,2幻沫,2事物,2自一,2研究,2滾紅塵,2員,2踏上,2血液,2真知,2可憐,2身份,2高天,2自以,2重量,2輕蔑,2魂魄,2搬,2起來紅,2在終,2作祟,2踩入,2初衷,2葬,2公平化,2掏出,2濃縮,2混沌,2烤,2不會彈,2你賴,2仰,2酒醉,2溫涼,2之名,2熱量,2拜,2大旗,2類熱情,2國,2拉開,2剩小學,2無講理,2根秋風,2歡活,2用功,2出點,2楊花雨落,2機塞,2凱脫,2天才,2放屁,2打出,2驚訝,2礡,2有察覺,2扇,2碰壁,2越離,2臉迎,2發售,2穢,2手術,2腰,2神多,2喘,2喨,2框裡,2苦心,2陣亡,2木花,2有把握,2過的,2懷中握,2肩虛度,2磁鐵,2他後腿,2一整天,2柔能,2太空,2紙條,2睜開眼,2愛我喜,2好現,2我耳邊,2最快,2抗議,2台南,2成人,2全身,2–,2不作美,2攻陷,2溫情,2窗虛,2ㄧ,2以真以,2柔臉,2脫下,2佇立,2火辣,2眾星,2最天,2埋成,2阿福彈,2畢業典,2帳號,2總難,2規則裡,2台北,2討個,2曲曲,2榮,2係,2機械,2手虛空,2塞住,2不真實,2國色,2快成,2間裡,2德,2蒼蒼,2很帥氣,2未讀,2快投,2窺,2路熱,2郵票,2路燈,2知覺,2遊覽,2南方,2末,2額度,2穿花,2終無法,2山中,2淪愛讓,2玩意,2整一整,2罷那岸邊,2永恆請,2鑼,2墜毀,2再添,2發動,2頭因,2剩喜悅,2信箱,2打擊過,2慎芝,2血染,2熱著,2關懷,2澀,2激烈,2鎖,2研究科,2夏,2融雪,2逕,2時灼傷,2萬物,2墮輪,2管有,2張溫,2定義,2指控,2以後安靜,2亂紅,2匱乏,2世代,2凌虐,2痛哭,2齊,2太扁,2繁至,2世人,2心裡算,2無酒,2流血,2愛誰無所謂紅,2裡睡,2室裡,2井,2原唱,2騷擾,2如蔥,2彎彎,2駛,2一季,2經屬,2埋伏,2報,2一家,2還擁,2廢鐵,2團結,2自大,2經心,2木吉他,2過活,2冷地,2如虹,2桀驁,2散什麼,2學飛前,2妻子,2有意,2沒差,2老人,2遠比,2街坊,2一大,2插針,2便利商店,2一套,2木頭,2眾神,2地放縱,2花少,2葉剛,2膨脹,2淘選,2赦免,2愛誰無所謂,2圈圈,2身形,2收成,2身影,2過歐,2之內,2嘴角,2腎,2計程,2茫然失措,2還牽著手,2可愛我覺,2石膏,2一度,2著威脅,2冰涼,2真是,2傳去,2魚死,2淡定,2鐵塔給,2最後一節,2停歇,2夠尖銳,2打扮,2緩盡頭,2經墜,2玄,2笛,2抵死,2轉動,2經報,2逆流,2歎,2嬉戲,2一念,2外濟,2詩藝,2旋無窮,2終手,2破,2一尾,2解救,2握有,2風交給,2承諾會,2蘇菲,2攣生,2有散,2全心全意,2旁觀,2不太敢,2教導,2自已,2玩偶,2水流,2豪華車,2假期,2奔向紙,2單身,2隨身,2看破,2費力,2依稀,2嗚咽,2路段,2更衣,2有毒,2剩新鮮,2眼皮,2最後一盞,2正是,2緣,2濃情,2大小,2消滅,2自卑,2不過問,2替,2回憶供,2夜想,2充耳不聞,2假裡面,2塵垢,2這應,2雨前,2淡如星,2了紙,2耳機,2肥沃,2自別,2夢現,2講座,2全家,2目標,2為情,2說明,2辣妹,2呼嘯過,2平房,2渴求,2三木,2還長,2愛你多,2喝咖啡,2十字街,2園的,2琴,2音樂聲,2著沈重,2深凡,2布,2取悅,2踏出,2輕輕撫,2次,2打消,2沒人敢,2挨,2用來,2丈量,2被雪品,2點名,2刀,2天鵝還,2意志力,2自個,2飛若,2之幻,2殺氣,2下輕,2羞怯,2青蛙,2輕易將,2套,2無法永遠,2馨儀,2含,2拍累,2敲響,2第一集,2絕不出,2經典,2取暖,2細看,2依然,2膝,2顛沒人,2病人,2斷線,2守著,2流著,2明信片,2無邊,2凝結,2汗流,2最壯麗,2一團,2貝殼,2純音樂,2陽光來,2停時分,2著憂傷,2不行,2密得,2重見,2一名,2擺姿勢,2招喚,2聲嘆氣,2心雨,2幼稚,2一味,2詩走,2雙夢想,2暐,2落雨,2阮歸,2習場,2飛舞,2王子,2那兒,2冒雨,2卡尼,2萬語,2不見面,2曖昧,2大多,2狂雨,2太濃,2磅,2遊,2著雲起,2大線,2耳東,2在擔,2簡磨厚,2居然,2神佛,2歡用,2歸去,2眼先,2青絲,2包裝,2愛如,2所困,2曾住,2聽起,2令人窒息,2包袋,2醜兒,2弧線,2即興,2眨眼,2雙腳會,2造,2裡過期,2冷言熱,2經,2摟,2重生,2留守,2包覆,2任好,2唐詩,2總笑,2稻浪,2穿洞,2配合,2齊物論,2課,2情傷,2兩不膩,2收音,2相看,2所在,2裂痕,2看起,2尋常,2手指,2如絲,2半夜,2偶爾搖晃,2流竄,2計時,2著騙,2沈嘈雜,2邊當,2罪,2狂歌,2常常,2狂親,2薄薄的,2前個,2那首,2傷患,2補,2噴泉同,2手提,2偷,2痺,2揭開,2籃球隊,2轉來,2特權,2奸商,2成種子,2越絕,2萬盞,2他剛,2試著閉,2證實,2血逆著,2煩煩,2垂憐,2冷冷清清,2大腿,2灼傷,2蟲蟲,2著化,2疼痛,2不問,2以後畫,2蜂,2謊,2風握,2變老,2階下,2食糧,2夾,2和諧,2以後用,2壓,2輕撫,2愛已,2大馬路,2擴散,2相愛又離合,2起伏,2企業,2災禍,2原始,2左,2危樓,2沒能,2無法算計,2收錄,2歡迎,2完功,2雲彩,2光溜溜,2分寸,2石火,2支配,2每一秒,2賢妻,2常旋轉,2兮兮,2寫下,2嘹亮,2如燈,2絕色,2黑眼圈,2木村拓哉,2淚滴,2敏感,2時才,2勾起,2收進,2稍微,2遙來,2運走,2鍾,2心滿,2香格里拉,2陷害,2潔白,2舉著,2硬要,2戀情,2還數落,2問愛不貼,2幻,2地亂,2舔,2戀愛,2黑洞,2冷若冰,2花灑落,2你照,2埋,2棄我,2比夜,2龔阿,2恩愛脫,2龐,2禮後來後來,2當兵,2湯匙,2的紙,2纏繞,2總緊,2呢當,2不爽,2活成,2刮起,2衝在,2超人,2瓷磚,2落點,2博來,2纏,2廣闊,2神奈川,2遊民,2覺曉醒,2泳池,2前後後將,2氣候,2粗暴,2這裡賴,2他始,2將它,2鄉愁,2第號,2衣和帽,2兩點,2再試,2烈酒,2獅還,2滴滴,2年齡,2果然,2著風光,2重組,2聽著,2蛋殼裡,2棄水,2垂死,2過雨,2終究成,2清,2稍,2扮著,2乳房,2渾沌,2地鐵站,2替代,2孤獨中,2不翼,2成堆,2極限,2落成,2濕婆,2跳越,2說關,2建立,2恍成,2褶裡,2別以,2大衣,2被鎖,2再見,2再視,2執迷,2已久,2交出,2裙子,2切割,2娶,2無賴別,2適度,2已滋潤,2小朋友,2愛別,2他後悔,2夠被,2豆腐,2越爛,2你種,2愛怎麼,2閣帆,2撫慰,2路過,2回溫,2例如,2兩年,2表達,2嚴厲,2蜜語,2機裡,2分割,2煩,2仇恨,2洗澈,2明章,2愛和,2洗澡,2金色,2困戰日,2飽滿,2落放,2癒,2聞,2且二話,2當中先,2至,2祈求,2灌籃,2情拉長,2旋著,2挖空,2牡蠣,2高低,2氣啦,2唾棄,2線離,2卻問,2下風霜夢中,2我難,2我離,2時機,2雨裡,2參加,2白起,2跌落,2飛去,2情形,2給不起,2點起,2家眾,2還我,2流轉,2疤用,2袋中,2二年,2被陽,2問我要,2流行歌,2洗淨,2淋濕,2同學裡面,2我面,2不會責備,2舉起,2螢幕成,2遠離,2裡要,2飛到,2窗台,2熬出,2心碎,2可樂,2好別,2問愛總,2未盛,2看齊,2退怯,2減肥,2從此,2掌心,2念,2剪,2我喜,2不整,2十多里,2風耳邊,2歐歐歐,2主題,2內容,2拉拉,2尖聲囂,2熱是,2劃破,2越演,2已告,2爆炸,2公尺,2女生,2評然,2了門,2這被,2進去,2著要,2靦腆,2上衣,2落空,2如春,2相擁,2更深,2火熱,2屏息,2不虛偽,2沒離場,2飛來,2半輩子,2我試,2蔥,2狀,2還是屬,2人給,2過期,2充電電池,2我記,2溫馨,2玻璃,2等候,2唐吉軻,2傷心給,2上課,2火炬,2緬懷,2埃,2感覺屬,2僵直,2深深地,2每種,2千萬別,2退掉,2天香,2數量,2影為,2那足跡,2杏仁茶,2戇,2左耳,2幾首屬,2引擎,2光亮,2漠然,2踐踏別,2期盼,2見面,2湧動,2難免,2表現,2愁眉,2幾天前,2不愁,2相戀,2色狼,2線換,2算計,2容忍,2果鋪,2山窮水,2換算,2夾起,2中曉星,2人太多,2轉天,2笑顏,2投去,2心終,2深愛著,2燈亮,2情愛底,2間後悔,2裡遊,2繽紛,2拳頭,2提煉,2我身,2地快,2車廂裡,2披著豹,2排擠,2皮膚實,2女王,2投入,2還算,2上身,2跳過,2謙卑,2拋棄,2阡陌,2付出,2針在,2錄影,2弛,2地帶,2著迷,2暴風,2不愛我,2裡醒,2捍衛,2小楨,2箭,2鳥終,2龔要,2煮沸,2空無一人,2笑開,2抖落,2正妹現,2標竿時,2圍牆,2平交道,2小姐,2真該,2油油的,2炫覺,2任太多,2狂烈,2敞開,2賣點,2鏡頭,2中國,2經不見,2事變,2燕南,2下一個,2剛落,2投快,2那花,2多餘力,2絆踉蹌蹌白,2吐出,2大魚,2定義了,2豹,2繁殖,2消費,2夜色,2齋戒,2假設,2光閉,2時縮,2海燒,2投射,2眉,2可悲,2天都,2擔,2怎麼講,2遺初,2冊裡,2最愛我,2耍賴,2盪在,2關閉,2重演,2孤獨島,2不溫,2不輕言,2夜遠離,2偶發,2梢,2這花,2經麻痺,2節,2屋瓦,2舊時,2還睡,2所醉昏,2意味,2水氣裡,2硬幣,2走火,2方法,2了頭,2太多苦,2攘攘,2中別,2這感覺,2框線,2臉開,2天際,2地唱,2女憂傷,2以及,2叛徒,2邏輯,2洛克,2聲帶,2黑像,2初,2幸運,2老實,2如蜜任,2啡,2彌補,2愛移動,2照相,2火輕輕,2剛能,2捉弄,2幾顆,2最舒適,2蛋白,2關鍵,2為葉,2僵硬,2幾頁,2利用,2捷徑,2遺囑,2道德,2老枝椏,2好夢點,2相框,2鮮,2胸馨儀,2鑽石,2痲,2高山,2排練,2眼離開,2腰束,2往外面,2投奔,2何以,2誰曉得,2豢,2繭還,2時節,2念舊,2計算,2紛飛,2情仇,2輸過,2河河,2河萬物,2無極,2加速,2精選集,2出千萬花,2似曾,2首歌,2妖嬌,2五點,2古怪,2字然,2造的紅,2高手,2短片,2吞下,2胡亂,2巾,2開千萬遍,2純真,2右耳,2彼時,2無可救藥,2奮力過,2人世,2演一個,2式微,2清明,2乖乖,2撕扯,2江山,2鑰匙,2漏水,2鏡,2套用,2介意,2染上,2剩哀傷,2撒旦,2躍的,2請問,2事業線,2體溫,2青年,2小手,2孩提,2沒察覺,2迷了路,2愛竟,2音樂奏,2衷心,2歌喉,2盹,2過水以,2茶去,2艷紅,2伊甸,2形成,2省略,2魚已經,2集體,2出草,2字當,2蟬想,2成白,2執欲絕,2花變,2深,2意義落,2放過,2輕輕放開,2編進冊,2交織,2杯子,2熱到,2它本,2時間過,2仰頭然,2當憂鬱,2不像,2用過,2延展,2然後緊,2舞共患,2墨色,2愛你現,2自身,2臉上畫,2馨,2家小,2總得,2雙翅緊,2儀,2鉛筆,2不受,2噱頭,2以後在,2用錯,2舞步,2筆記本,2現下,2掉頭,2崩塌,2靶,2你過,2暑能,2手撫慰,2點覺,2一貧,2坦白,2入,2麻醉,2純然,2當太陽,2靜靜閉,2要死,2加點,2神音,2花被,2遺,2狂人,2出能,2概念,2裡在,2看人間,2心住,2因此,2不得已,2惚,2下層,2家凱家,2這群,2下山,2謊言當,2選錯,2一艘,2痴傻,2額頭,2巴桑,2成學問,2推擠,2永不,2聖哲,2燒過,2數,2茫茫,2提供,2湯,2葬送在,2太多虛偽,2相忘,2戲,2歌往,2誰給,2棉絮,2抽絲,2下巴,2立下,2笨蛋,2石岩,2偈,2喉間,2流入,2影恍恍牽手,2盪,2口紅,2成篇,2砌,2樹長,2可偏,2爭個,2彎,2閉嘴,2氣擁,2笑了笑,2端,2縣,2一股,2刻,2此現,2講起,2神態,2何等,2強迫,2脫軌,2網去,2沙風,2永恆像,2相連院,2寒冷,2寒冬,2諂媚,2拉不下,2分界,2下得,2一致,2大鋼琴彈,2袖手,2連傷,2獨鐘,2中人們,2如神般,2黑白片,2給戀人,2不妥,2禮儀,2紋路,2變成紙,2變無限空,2牧車,2印記成,2還停,2愛並且,2任由,2想不到,2忍耐,2動詞,2耗盡,2波光,2奶澎,2綠紅黑,2養生,2悔改,2鐵柱,2老歲,2獨門,2用風,2交易,2沾溼,2合理,2阮對,2這叢花,2角度,2達,2揮舞,2河川,2雨落,2塵埃看,2閒晃,2哥倫布,2拆下,2本能,2大自然,2地板,2快樂裡,2誤解,2成紙,2爾,2滿分,2流域,2冷言,2沾濕,2誘人,2擦傷,2學現,2描繪,2千重,2慢半拍,2死罪,2方式,2延,2美色,2派,2滿足面,2知名,2傳言性,2拿捏,2獨行,2預告,2柳暗花明,2道歉,2飛浪,2三千丈,2聲華麗得,2人之間,2地舞動,2唇齒,2吆喝,2痛關,2演,2飛泉,2將手,2傾斜,2淒涼,2擦乾,2嗩吶,2沒休,2兩排,2頭騷動,2比塵埃,2惡習,2條魚,2泅泳,2不放棄,2八門,2相識,2過永恆,2磚塊,2課本裡,2協的,2魔幻,2電話線,2行歌,2見縫,2道別,2還帶,2傳開,2面孔,2笑點,2得不到,2自顧,2刁,2兩個面,2到盪著,2照色票,2走得,2功頌德,2恍,2近醒,2解放,2課時,2似畫,2歐,2裝飾品,2掌管,2殊途,2千言,2全是,2滿鬧,2人定,2機惡意,2鳥兒,2車從,2舌雷聲,2造就,2超級,2雨點,2屋子,2情敵,2牛角,2貨幣,2絢爛點,2他方,2笑吟吟,2沒顏色,2吹熄,2胸,2尖靜靜,2帶到,2炙,2吹灰,2該醒,2蒼白,2傷在,2冷進,2麗給,2走失,2怒氣,2聲音會,2發覺,2竟會,2試著躍過,2還好,2風刀,2他會,2情有,2每天晚上,2拆回,2見過,2爆裂,2燒出,2蝶,2鄰居吵,2親愛的別,2東西泡,2最後電池,2隨風而行,2露水,2磨蹭,2立克,2搏來,2葉隔,2中神,2伴侶,2兩旁,2心心,2塊,2熄,2緊要,2刻印,2單一,2偶爾太大去,2經驗,2浮板,2花無語,2耕種,2動綠色,2來盤,2樹木變,2鼓起,2其鋼,2發著,2車司,2娃娃,2熱了,2高端,2玩後來後來,2不識,2應酬,2看一看,2脈膊,2梅西葛蕾的雙,2愛情過,2格數,2灼身,2情追著,2雙子,2踩踏,2利刃,2阻擋,2無畏,2比月,2成歌,2苦悶,2稍息,2物色,2合掌,2救生,2頁數,2出門要,2說彌補,2獨自,2收回,2相伴,2著結果,2湯一盤,2尼採,2一通,2意念,2千萬,2落前,2將符號,2行,2迷幻,2掉落,2游回,2如人,2無盡,2彙,2水萬里,2沒關,2窗有,2梟雄迫,2淡淡地,2紀念夠,2切成,2剩愛只,2毋,2自遠,2發間,2不予,2也換,2啟動,2欺負,2挖空心思,2鼻息,2眼顏色,2留戀裡,2小窩,2某某,2放一顆,2雷拉,2分散,2五花,2整季,2證據,2胖子,2不認,2經感傷,2準備換,2花花公子,2光明,2發胖,2空虛,2地盤,2虧,2揪,2輕巧,2紅色泳,2火大風大,2詩人,2光降,2急板,2私處,2清高,2盤點,2聾,2立場,2針線,2零一地,2裸女,2發臭,2肩並,2咒語,2種下,2喚來,2他永遠,2樹花,2穿入,2怯怯,2擦,2怎能,2傷就,2成河,2佐味燉,2行板,2介紹,2費心,2煙塵,2組合,2豬肉,2嚷嚷,2吹過,2冷孤芳,2漂白,2早該,2沈沈,2解構,2還去,2聲緩,2症,2愛曾,2開固,2認知,2風景會,2一閉,2遲來,2風塵,2方位,2腹部,2防潮箱,2過後短,2一關,2躺過,2手點,2火山,2灼見,2這天,1牛紙,1快來,1三年,1驚嘆轉,1學會揮,1併,1永恆河,1我練習,1意義綿綿,1魚路過,1斯特,1逝留,1沒愛人,1魚動態,1拂,1韶其實,1依依,1錶,1頭空,1共舞,1平多,1噴泉,1頭點亮,1貴,1遷,1蟬蟬,1流理台,1為夠,1章節,1遙記,1地飄灑,1遊樂繽紛,1飄然,1字關,1笑哈哈,1高處,1擅自,1曬,1唱腔,1正字,1代表,1夢作,1空缺,1悶死,1廣場,1冰島,1阿成,1沙發,1這場面,1無計,1脫掉,1動態,1鷽,1遍布,1南美,1貪循,1深海,1抱後瞬間,1睡覺,1韓寒,1生生死死,1阿怪,1敗,1宋希,1王黃自,1一扇,1辦畢,1吹路,1之涯,1點啦以,1良性,1狗米,1裡他,1著光,1尋孤獨,1開車,1成蠟燭,1雖悲,1嗨,1放縱,1卡森,1水冷,1腐敗後成,1回憶終,1新綿襖,1兩頰,1領悟,1打工,1表達別,1蒙太奇,1被動,1擊,1開雲煙,1牛皮,1定居,1阿毛,1同意,1學鋼琴,1原野,1有爾落,1腦子裡裡,1真得,1頭媛媛,1薰,1今晨,1招搖招,1音飆,1小貓,1迄一工,1揮手,1咧,1飛鏢,1今日,1放作夥,1獎賞,1嚴重,1觚,1起無限,1哪赫爾,1目屎,1心樂,1夢陳家麗翁,1種行,1斜,1冒險長,1一旁,1招搖,1瘋癲地,1掌聲,1憑空往,1襯,1舌,1農人,1解進入,1過都別,1羊飛,1問太多,1熱滾,1鐘在,1現在會,1人能夠,1韓無,1物動物們,1過了,1痛用,1明確,1比賽,1淺出,1睜開,1襲擊,1小鎮,1離島,1王舒屏,1密密麻麻,1兩者,1身發現,1家麗翁,1愛無狀態,1吱吱,1賣命,1大後看,1轟轟,1瘋顛,1多想,1阿玉,1行走,1口耳,1賓館裡,1廖叔輔,1溼透,1街燈,1共,1球路,1評,1洩恨,1描著,1我發,1分袂,1對方,1看不大,1天際歲,1著以,1蟑螂,1飛請,1鼓手,1我來,1滿碗,1千,1盡情,1指定,1雖,1各有,1百日,1跳得,1搓,1過一種,1李叔同,1野放,1轉閉,1冷風往,1粉底,1病毒,1體力,1篩選,1短裙,1無限,1邊你,1牢騷,1風裡,1畫框,1花生,1快樂漸,1多渴,1突,1邊上,1渴人,1釀夢異次,1站牌,1好養,1詞狐,1音軌,1瘋癲耶耶,1有來,1變塵,1尋我,1專頁,1沒用,1無狀態,1王約,1面海,1亮白,1拔起,1投,1對半切,1這會兒,1原聲,1新衣,1點不該,1依倚,1瘋釀,1仰起,1玩笑,1爵,1主唱,1圖上,1龔又醒,1給你,1牧羊,1伊賀,1版,1變幻,1留著,1吳晟,1鴻鴻喜歡,1領略,1做伙,1過愛是,1袋鼠,1青其實,1名氏,1戰略,1水管,1手阿福鍵,1實應,1然後繼續,1洩漏,1請離,1那座,1給你傾,1草野,1囥,1場難,1脫,1世事,1歇,1多困,1恕,1漫無目,1翰藍儂,1達握,1音樂飆,1碧連天,1多嘴,1快樂地,1那九點鐘,1同一,1盪記憶裡,1艾立,1容顏變,1拍打,1帶著,1帶後制,1浪漫派,1怯場,1艾緹雅,1撫觸,1蘇醒,1其中,1女聲,1作伙飛,1軌後悔,1酸,1楊,1至今,1儀電,1甩過,1穿訂,1歡氣,1遊樂鳥,1鞋,1內瓦湖,1歌活,1麵,1我罷,1鼓勵,1語,1呵,1快樂別,1虛度,1給你機會,1樹上,1樹地,1抬起,1無理取,1耶然,1美麗曲,1頭傾,1樂隊,1過癲,1淚般,1木船,1尋在,1搏連,1依據,1私語,1疼愛照,1藥去,1演奏曲,1奇異果,1熱你喝,1做伙飛,1仝款,1佮,1過生,1把門,1章,1只帶,1關於,1曉,1美味,1柳,1詩從,1大耳牛,1膽小,1辭,1詞,1青,1遠當,1香想,1回聲,1宣傳,1顛反,1夢春,1藍天白,1這愛情,1揭穿,1關掉,1我現,1千千,1缺陷,1以永無,1必要,1大大的,1民歌,1帆情,1我盤,1濁,1揉,1說然,1貓咪,1酒館,1睦,1相顧,1嗒,1杯酒,1湖,1呵呵,1頭在,1絕望給,1音樂開,1小鎮里頭,1汝有,1果核,1撲火,1蔡頭,1莫呼洛迦,1下著,1雪山,1今宵,1洩,1夜遊,1閉起,1愛無眠,1漫延,1其它,1官方,1深奧,1到偉大,1間韶,1版今,1情愛佇,1預言風箏,1貝斯,1法,1瘋癲耶耶找,1懷,1可要,1和絃,1著愛變,1詞曲大約,1過歌,1空人,1愛人動,1講卜,1上海,1七千,1領略春風,1覺讓,1仰著頭,1今年,1紟,1不耐,1改變燈,1著離開,1搓成,1地揮汗,1早起早睡,1結論,1曠,1毛攏,1趴在,1不輕易,1夾竹桃,1良心,1你會當,1答不過,1不是故意,1傷閣,1登登,1支持,1游樂繽紛,1仍常想,1我想,1外,1永,1私,1衝撞,1母,1手馨,1如貓,1紙,1在握,1搖美麗,1還開,1耶打開,1遠方雨灑,1探望,1幾米,1國我們,1兒仁,1衝散,1傷鮮,1水手,1能成,1我腐敗,1瞥見,1人門,1贊美看,1盡餘歡,1管汝當,1大耳住,1在意,1方設,1深入,1天然,1地愛經歷,1烏龜,1蔚宇小灰,1儀表,1一底,1那本,1偶爾犯,1曲小芬夠,1煩躁,1鄉,1背心,1紀念紀念,1很遠,1心關,1隱隱,1相傳,1了魚,1我放,1粗,1戲劇,1花光,1另外,1還不確定,1不語,1象象,1跟者,1不言,1不計,1不得不,1缺乏,1剛穿,1著頭,1握手,1全力,1以便,1畢竟,1浩翰,1主角,1再費心,1代聯合,1掌紋揮,1億豪,1大耳,1飆過,1耕作,1生雲的氣,1古道,1巧克力,1時會,1氣實,1你當,1那顆,1黏人,1風揚,1安,1成灰背,1住井青,1會痛,1燕京,1久居,1變胖,1給限,1午後的,1英文,1這裡脈,1戀愛在,1異鄉,1驪,1邁進,1池裡,1九月,1追千,1地來,1熱絡,1狐狸,1幼苗,1稠悵,1溫柔別,1車活,1詩登登,1殘花敗,1唱起歌,1偷閒,1一低頭,1一兩天,1還比,1打過,1殘夕陽山,1紀念媛媛,1補習,1姚謙,1風潮,1試圖,1環保,1悼念,1斯罪,1朝仰,1糖分,1廣播裡,1狂想,1開些,1成灰當淚,1凝視,1仔細核,1感動當,1細膩,1擊掌,1橘子,1大裕,1龐男快,1追尋,1冬瓜,1嬰兒頭,1心安理得,1變分,1光光,1演戲,1愛這般,1愛嗎,1盧,1轉木馬,1夠開始,1歉疚,1率真,1釋懷,1地之角,1堂堂,1根深蒂固,1一曲,1愛和改,1留給熱,1攏袂當,1過剩,1鐘表,1犬魯,1游戲,1心是,1旅費,1愛在,1差個,1音室,1猴子,1浩瀚,1誠實罷,1賒,1韶光,1說過,1破壞,1香菇,1容納,1漫,1短嘆息,1的頭,1青海,1跳得夠,1玄妙,1小元,1以後愁,1偶經,1當你去,1陰柔,1匆匆忙忙,1藍雨雨,1車站,1群鳥,1總歸,1韶作,1我親,1粗曠,1燕子,1染紅,1環而非,1哪怕,1狼狽,1清單,1捆,1讀過,1你擊,1網我七歲,1油夜,1搭配,1想得開,1佇花,1心容納,1鴨炎,1樂融陳志,1戀太陽魚,1逃逸,1熱戀,1井青,1握著,1渴能,1外濟目,1份,1引自夏宇,1ㄚ,1綻放口,1斟酌,1靖,1省,1掌天,1裡都,1腦子裡,1園汝敢,1相思,1倒底,1郭敬明,1開獨處,1游樂鳥,1難到,1認得,1失敗者,1想透,1開心,1如水,1龔見,1片片,1數沒有,1小夜,1魚死底,1嘟,1處理,1夠鮮,1彼得,1頁,1汝會當,1窗畢竟,1眼韶,1富江,1德威,1臻,1小鎮裡頭,1不求,1去往,1第十二,1變蓮蓬,1菌種,1火之間,1大部分,1人用,1普魯,1平平凡凡,1火神,1愛戀成,1對僅,1這般,1沒法兒,1泥娃娃,1咿懶,1夠鮮艷,1隨手,1提,1餘煙,1吹奏,1橋斷,1無傷,1曾元虎,1睡前,1隨放,1變無限靈魂,1航線合,1人狂,1愛呀成,1御花園,1這開場,1混音,1隆重,1意義勉強,1透正,1離進,1尤其,1翱翔,1當我夢為,1予期,1地旋轉,1無力,1變高,1當時會,1奏心,1遍處,1小得,1盪你多狂,1天拿水,1騙,1隨時,1一滴水,1發鮮艷,1田地,1適用,1毋管,1言中,1老陳強,1頰,1一部,1歡笑響,1相地,1轟,1家家,1最傷,1誤會給,1提苦惱,1荷花,1爭奪,1吳佳穎,1巴掌,1非愛你,1井青蝶,1維尼,1聊遍,1單,1不經,1小敏,1經覺,1痛徹,1圍,1沒變,1送別,1攀,1感冒,1肯,1零落,1如其,1一人用,1炎,1少,1來會,1音,1總尬,1距,1投情,1萬千,1瀚玩樂,1呢喃,1小時,1吹拂,1蛾,1潔,1鬢,1阮規,1名歌手,1音樂劇,1辯,1屎,1閱讀,1事理,1分看,1氣然,1或三亞,1鄉間,1不將,1樂器,1中提琴手,1魚丸,1利如刀,1清涼,1薔薇花,1迷人,1人交錯,1知交,1修,1堪,1聲,1眉梢,1兼,1佩佩,1快樂艷,1裡萬千,1靜謐,1一號,1都城,1梨子,1忍者,1中當時,1耶耶,1亭,1毋知,1往右,1李,1風景當,1講要,1音符,1龔鈺祺見,1罌粟,1呼,1正鮮美,1唯愛蟲蟲,1防曬,1城外,1發鮮,1那麼烈,1小湖,1渴有,1多美麗,1獨,1翰連儂,1別夢寒,1移動安靜,1逛一逛,1歌多,1帳嫁,1人往,1車子,1傻了眼,1仔,1噴泉春,1檸檬詩,1男憂傷,1很差,1旁人,1漸磨損,1校曲,1方成,1卡夫卡,1自走過,1青作,1兩情,1凝視緣,1沒有鐘,1掌紋,1遙笑,1輕切,1鼓號,1焦點,1光榮,1流逝,1朵花,1背面,1巫仲仁,1妳是,1包,1莫遲疑,1岱,1搶,1屆,1清澈,1很大,1插圖,1痴人,1蘋,1社交,1苦澀,1滴入,1徵夢想,1愛你關,1毋甘願,1再練,1日後會,1許並,1已爭,1單車,1飛機,1心莓莓,1阿龔,1潮溼,1盡裡,1難釋,1鼓足,1狂森田成,1凌亂,1之賓館裡,1飢餓,1光採,1臨時編,1播種,1標點,1剝,1一朵朵,1希臘,1並溫,1往上爬,1原本,1喵,1低,1花開,1所求,1推托,1媽媽現,1翰奧,1不作,1傷閣帆,1外山天,1雲散,1染,1回車諾,1愛戀,1鍛,1疏離,1一安靜,1還像,1半,1小斑馬,1街頭,1校歌,1海在,1地用,1地奮力,1佇花園,1妃,1摩擦,1龔鈺祺錄,1呆,1埃淚,1開狗米魚,1時光給,1面在,1娛樂,1愛沒有,1柳笛聲,1灌以,1徐乃麟,1序曲,1歸神,1攀過,1固有,1撒,1享哥,1心地,1語文,1